Name,Date of contribution,Gender,Education,Age
IRHEX,2017-03-11,F,Ph.D,22
DRVHG,2017-05-14,F,High school,24
GDPIL,2015-04-29,T,Bachelors,6
LIKAT,2016-06-02,M,Bachelors,8
XNWYE,2015-05-19,T,Ph.D,21
TBUJZ,2016-02-18,F,Masters,50
UIVKB,2016-03-10,F,Ph.D,26
MIUOJ,2015-07-20,F,Ph.D,21
QMKRF,2016-10-24,F,Masters,49
RBYHI,2017-11-06,F,Ph.D,43
OBWSF,2017-09-08,F,Ph.D,47
JHZYB,2017-07-29,T,Ph.D,24
PYLDY,2017-06-11,M,Bachelors,25
XSOME,2017-11-28,T,Ph.D,38
CRTDW,2016-03-27,F,High school,46
WKTUK,2016-02-18,T,High school,8
HRXRP,2015-05-18,M,Ph.D,50
YLOLZ,2015-10-12,T,High school,33
YGPCT,2016-05-19,F,Ph.D,49
HXZBN,2015-12-20,T,Ph.D,38
YICPI,2017-12-26,T,High school,43
IZOBZ,2018-03-05,F,Ph.D,37
TFOOS,2015-09-12,T,Bachelors,14
CTPSZ,2018-01-12,F,Masters,43
UQHEY,2016-06-16,M,High school,36
WALUZ,2017-10-16,M,Masters,50
ESHKD,2015-07-18,F,Masters,26
GDJTA,2015-07-16,T,Bachelors,50
LXDTN,2016-11-11,M,Ph.D,22
ZIMSI,2016-10-26,T,Masters,34
YYZRD,2016-05-07,F,High school,49
GTBIG,2018-02-06,F,Bachelors,37
AUSXM,2015-11-07,M,Masters,24
ODMAR,2016-02-11,F,Bachelors,9
MLCKA,2017-03-26,M,Ph.D,10
XLJAL,2017-04-10,F,Bachelors,42
FOSRD,2015-12-02,F,Bachelors,38
KXVHG,2015-06-02,F,Bachelors,23
EWHYM,2016-06-09,T,Masters,26
ZZWMS,2016-03-06,T,Bachelors,47
DJDAT,2015-12-23,F,Bachelors,29
RBXPV,2015-03-04,F,Bachelors,18
NULWF,2017-01-16,T,High school,5
LCKHB,2016-07-09,T,Masters,10
IPAVW,2015-02-20,M,Ph.D,9
YGRFQ,2015-10-06,M,Ph.D,24
JXZJI,2017-03-06,F,Ph.D,6
ZNGBV,2015-03-22,T,High school,28
LGNJK,2015-04-08,M,Masters,16
PPOUM,2017-03-12,F,Bachelors,28
BVVPK,2016-01-25,M,Ph.D,20
JXLJC,2016-09-17,F,Bachelors,11
BVABO,2016-12-26,T,Ph.D,17
QLYLA,2018-01-22,F,Bachelors,11
WNMFP,2016-12-07,M,High school,5
SXIDQ,2017-05-29,T,Ph.D,14
EYRBP,2016-05-24,T,Ph.D,13
FRTMV,2016-11-10,M,Masters,44
SQEWR,2017-11-16,F,Bachelors,38
XNXVQ,2017-11-17,F,Masters,34
ZYJWW,2015-07-29,T,Ph.D,27
VMNZA,2016-01-14,T,Ph.D,31
IEPSV,2015-06-23,F,Ph.D,20
NMSBG,2015-06-05,M,High school,42
GMONK,2016-04-02,M,Ph.D,5
PSGXD,2015-05-18,F,High school,15
ZDCVC,2016-12-02,T,Bachelors,34
MKHRK,2017-02-05,T,High school,34
HXVUA,2015-12-19,M,High school,47
BFVVE,2016-03-20,F,Bachelors,31
PPHYM,2017-02-23,T,Bachelors,35
NKXQS,2017-07-03,M,Ph.D,27
OFQBF,2017-10-29,M,Ph.D,6
EWLNQ,2017-04-10,M,High school,24
IVEOG,2015-02-23,F,Ph.D,26
KUVOL,2015-01-28,F,High school,34
EFQVF,2015-11-20,M,High school,24
OYHNI,2016-05-07,F,High school,13
PJTZF,2017-02-25,M,Masters,31
RWOAT,2017-04-19,F,Masters,19
CYISX,2016-01-25,M,Ph.D,26
MSRQK,2017-10-22,F,Bachelors,34
BMJLR,2017-04-15,F,High school,28
PBIGC,2015-08-07,T,Bachelors,18
TNROE,2017-03-12,T,Bachelors,43
MWAWR,2017-02-09,T,Masters,24
QCYCF,2015-02-25,F,Bachelors,38
JEQNN,2017-02-15,F,Bachelors,40
WURXW,2017-12-12,F,Ph.D,20
YBDWJ,2018-01-07,T,Ph.D,22
LLJEW,2018-03-22,F,Ph.D,20
ARJVN,2016-08-29,F,Masters,17
LSWDM,2017-05-29,M,Bachelors,13
XMNLA,2015-06-17,F,Ph.D,5
TWCSS,2015-06-19,F,Ph.D,18
FDKYE,2015-11-07,M,Masters,30
JBULJ,2016-08-06,F,Masters,45
UDTMK,2018-03-20,M,High school,9
VLMRL,2016-03-22,T,High school,41
KNPFI,2016-08-27,M,Ph.D,24
